Rank,Title,Username,Rating,Score,Performance,Team,Sheet
1,,Seavillage-71,2252,73,2497,,
2,,Risman_PercasiKrw,1984,44,2059,,
3,,MOMAS-2,2107,43,2115,,
4,,atcharaparn,2270,42,2238,,
5,,shubham1878,1999,38,2118,,
6,,Nakamyryk,2266,37,2289,,
7,,ashot_01,2173,37,2243,,
8,,ChessDragonPrince,2021,37,2142,,
9,,GloriousGibberish,2153,36,2436,,
10,,Vladimir63Iurev,2197,34,2425,,
11,,feddd,2262,34,2330,,
12,,biysk01,2137,34,2170,,
13,FM,h-bar,2452,33,2495,,
14,,Kaliberda_Vladimir,2310,33,2227,,
15,,LOST_IN_FUTURE,2194,33,2160,,
16,,RANDYORTONRKO,2036,33,2055,,
17,,ODIDIMODE,2247,32,2425,,
18,,perekop11,2027,32,2275,,
19,,Fatkhutdinov_M,2068,32,2211,,
20,,vitorbmb2009,2116,32,1852,,
21,,drowler,2130,31,2236,,
22,,spass12,2162,30,2247,,
23,,RESET-101,2138,30,2171,,
24,,yamwaovic,1936,30,2036,,
25,,Yurant73,1955,30,1985,,
26,,alexer47,2033,29,2221,,
27,,cavallo-bolso,1985,28,2090,,
28,,Mihgrig,2044,28,2090,,
29,,LoginAleks,1976,28,2040,,
30,,TaxMan_006,1841,28,1845,,
31,,L1ncompris,1936,27,2090,,
32,,johnvas,1933,27,2023,,
33,FM,tolichach,2147,26,2326,,
34,,StrukovRobert,2463,26,2188,,
35,,elingeniero,2062,26,2161,,
36,,tembokbetontuba,1931,26,2134,,
37,,baby-shark1970,1821,26,1891,,
38,,chuluun_g,2125,25,2231,,
39,,SGanga,2017,25,2219,,
40,,kalambureus,2179,25,2165,,
41,,jeevanjms,1878,24,2424,,
42,,putriloyo,2005,24,2269,,
43,,marjani3900,2152,24,2158,,
44,,VjayChess,2266,24,2107,,
45,,Tonystarkandpepper,1737,24,2044,,
46,,mongueletor,1883,24,1935,,
47,,marecospedro,1880,24,1835,,
48,,michaeljeromekieser1,1666,24,1773,,
49,,Alman0001,2012,23,2198,,
50,,Obedite,1855,23,1960,,
51,,H12KING,2123,22,2287,,
52,,dk2008,1960,22,2261,,
53,,AbdelfatahSall,1959,22,2085,,
54,,kingdavid4t,2090,22,2077,,
55,,Birdieloose,1912,22,2008,,
56,,Tumelo-10,1985,22,1975,,
57,,olezhka792537,1821,22,1923,,
58,,Stonewall_BoyRivers,1779,22,1844,,
59,,ernestomontano,1942,22,1830,,
60,,Ertau,1995,22,1728,,
61,,Hobuseraud,1898,21,2148,,
62,,DrVladimir64,2188,21,2136,,
63,,AjiBond,2148,20,2471,,
64,,BudapestoSauce,2277,20,2285,,
65,,sahilrec9,2146,20,2223,,
66,,gmchoy,2231,20,2207,,
67,,Zdravko_L,2139,20,2206,,
68,,Chichi30,1884,20,2174,,
69,,waleed2003,2201,20,2163,,
70,,Clement-G,2033,20,2148,,
71,,Turton24,2189,20,2145,,
72,,JordyOrtega,1946,20,2132,,
73,,Nantenaina401,2098,20,2104,,
74,,Kulbaev_Marat1964,1799,20,2066,,
75,,grantelnundmotzen,1986,20,2034,,
76,,Bourne22,2187,20,2028,,
77,,ma2008manit,1685,20,2001,,
78,,Ben-Lekale,1781,20,1993,,
79,,Toms0817,1987,20,1991,,
80,,KK0208,1905,20,1935,,
81,,PeonMata86,2035,20,1916,,
82,,AlekseyPopov,2106,20,1902,,
83,,Asd2635,1863,20,1881,,
84,,lushtaku,1933,20,1872,,
85,,kudahitam75,2121,20,1851,,
86,,Sanujas,1696,20,1844,,
87,,akhileshpendharkar,1698,20,1746,,
88,,Mihail1403,2151,19,2190,,
89,,temuge2022,1829,19,2154,,
90,,Sonyds,2142,19,2147,,
91,,Aurora_Soph,1960,19,2017,,
92,,paddymaffy,1903,19,1945,,
93,,SergeyVoronov,1765,19,1846,,
94,,bek666,2026,18,2198,,
95,,MESSENGER-DODONG_97,2180,18,2151,,
96,,Vollendrund,1954,18,2097,,
97,,Benjamin_Benoni,1837,18,1976,,
98,,girgirin,1559,18,1958,,
99,,san_san20,1983,18,1950,,
100,,misternav,1788,18,1946,,
101,,pachadrama,1969,18,1918,,
102,,JezDvictoria,1857,18,1884,,
103,,Slava3ABP,1610,18,1702,,
104,,Papatenjtemj,1787,18,1689,,
105,,SunF,1999,17,2292,,
106,,konykonyi,1940,17,2164,,
107,,andronkuzmin,2050,17,2128,,
108,,Genom21,1864,17,2044,,
109,,Fijoquepierdes,1966,17,1976,,
110,,crazzychess,1657,17,1932,,
111,,IanVR2013,2076,17,1930,,
112,,Stone_crusher,1835,17,1928,,
113,,Sachamariaricardo,1871,17,1736,,
114,,Sachse1960,1909,16,2275,,
115,,ColossusChess,2348,16,2192,,
116,,Edgar2933,1969,16,2179,,
117,,aliabadi46,1865,16,2179,,
118,,Juara_Ciwaru,2041,16,2114,,
119,,Tontonzky,2032,16,2109,,
120,,foduck,2162,16,2086,,
121,,BlunderInducer,1975,16,2075,,
122,,chinnu1234,2107,16,2048,,
123,,AlexandrKostenko,1948,16,2016,,
124,,ArtemPetrovskiy36617,2087,16,2010,,
125,,vijayrag,1937,16,1998,,
126,,franklinwane,1967,16,1980,,
127,,AhmadrezaRock,2017,16,1970,,
128,,aydin1397,1911,16,1943,,
129,,PalestineChampion,2143,16,1922,,
130,,Myth07,1815,16,1914,,
131,,Dvorgin,1758,16,1914,,
132,,Dasharathisahoo,2009,16,1886,,
133,,SupermanClark0630,1896,16,1875,,
134,,evgeny1442,1972,16,1864,,
135,,kamogelo458,1888,16,1849,,
136,,Leif-Lopez,2050,16,1829,,
137,,SiberiaRFplus,1798,16,1792,,
138,,zzdenek,1872,16,1780,,
139,,po-11,1810,16,1770,,
140,,Damnation_2,1832,16,1694,,
141,,TheDialBeGreat,1879,16,1661,,
142,,khablander62,1879,16,1654,,
143,,Orfeus0,1549,16,1536,,
144,,vestan,1989,15,1970,,
145,,toastyduck,1757,15,1952,,
146,,Alexsandr0110,1865,15,1887,,
147,,Rubenmachado,1939,15,1887,,
148,,Rishiranjan,1779,15,1885,,
149,,MD1985,1975,15,1856,,
150,,nik_77,1837,15,1852,,
151,,gusmate,1922,15,1844,,
152,,kamilasardor,1941,15,1780,,
153,,zavian19,2022,15,1705,,
154,,evgeny1955,1800,14,2165,,
155,,JojitPascual,1966,14,2140,,
156,,danilovva,1936,14,2120,,
157,,Chezcazi2020,1828,14,2034,,
158,,alch3m1st,1817,14,2022,,
159,,Bbvl,1753,14,2017,,
160,,Sherzod0571,1960,14,2004,,
161,,BBBstock,1800,14,1986,,
162,,supermindcsgo,1990,14,1935,,
163,,ANIL_78392,1967,14,1924,,
164,,Vladimir_Ivanov_Nsk,1643,14,1887,,
165,,Rockyzato,1840,14,1852,,
166,,Narata,1840,14,1848,,
167,,mirto3004,1926,14,1846,,
168,,coinbaseaktie,1740,14,1841,,
169,,Muaco02,1747,14,1832,,
170,,Konst777,1829,14,1817,,
171,,gentaa12,1818,14,1805,,
172,,trembilaci,1940,14,1785,,
173,,MONSTER_SLI,1807,14,1771,,
174,,haykmba,1837,14,1769,,
175,,jonukas60,1714,14,1737,,
176,,Universalk,1640,14,1691,,
177,,Luya,1707,14,1670,,
178,,el_khabeer,1601,14,1628,,
179,,safenorsound,2314,13,2379,,
180,,Dagon1984,2384,13,2186,,
181,,Behrooz-bagheri,2324,13,2125,,
182,,Vache0696,1911,13,1973,,
183,,bosk,2222,13,1909,,
184,,renatherion,1765,13,1844,,
185,,Ahel74,1696,13,1836,,
186,,VEERMANI,1803,13,1836,,
187,,gioser093,1725,13,1797,,
188,,Yuni38,1430,13,1761,,
189,,thata1970,1734,13,1750,,
190,,agentxyz,1203,13,1673,,
191,,Amrullahm,1974,12,2346,,
192,,alfilF4,2052,12,2269,,
193,,barratsani,1775,12,2238,,
194,,Mohamedshamroukh,1731,12,2148,,
195,,Vladimir1961,1976,12,2142,,
196,,Otbasy1_2_Mussabayev,2083,12,2093,,
197,,Rustampiruni,2005,12,2073,,
198,,JoseOmar_CasAjedrez,1926,12,2040,,
199,,Andrey55555,1735,12,2015,,
200,,edyardpar1976,1703,12,1961,,
201,,anass97400,1562,12,1958,,
202,,mohammadi_arashk,1858,12,1948,,
203,,Lilly_Morphy,1996,12,1937,,
204,,CecepH_KabBogor,2049,12,1920,,
205,,powerchord1991,1738,12,1907,,
206,,fatih_98,1795,12,1901,,
207,,Stanislaw123,2025,12,1863,,
208,,Tricky_169,1637,12,1854,,
209,,tharlam,1709,12,1845,,
210,,mazurB,1696,12,1831,,
211,,rafoesdelau9,1561,12,1816,,
212,,eccu,1998,12,1812,,
213,,akronilionkrystal,1925,12,1807,,
214,,ZarMade,1768,12,1801,,
215,,mudohautos,1783,12,1784,,
216,,svet-ok72,1708,12,1761,,
217,,ShevchenkoM150,1617,12,1748,,
218,,ElNero1,2243,12,1733,,
219,,ekremmd,1994,12,1720,,
220,,zizwe27,1404,12,1710,,
221,,call-prikol,1469,12,1706,,
222,,Ivan_Domnin,1535,12,1699,,
223,,MuhammadAqilRana,1633,12,1695,,
224,,ansi0801,1754,12,1695,,
225,,CyniQue1995,1764,12,1676,,
226,,Urgence17,1572,12,1671,,
227,,independenttraders,1551,12,1652,,
228,,ngwj2023,1534,12,1638,,
229,,zoltan007,1549,12,1551,,
230,,Shivanshi321,1722,12,1506,,
231,,Alexis_Emil_Maribao,2402,11,2221,,
232,,kafili5000,1905,11,2174,,
233,,Obur_92TM,2026,11,2082,,
234,,Stalemate_2007,2017,11,2053,,
235,,Moktaro,1749,11,2047,,
236,,ali_alipoor2008,1832,11,1960,,
237,,Nadersalah2,1810,11,1929,,
238,,mihar88,1647,11,1919,,
239,,xyjan,1969,11,1892,,
240,,cartertaylorjones,1831,11,1859,,
241,,SimratA,1803,11,1847,,
242,,Prodent100,2023,11,1847,,
243,,parvez_mecha,1744,11,1832,,
244,,A714445,1991,11,1829,,
245,,ALEKSANDR7775,1682,11,1811,,
246,,Serhat222,2067,11,1793,,
247,,JulioAvellaneda,1790,11,1751,,
248,,MogensDK,1865,11,1712,,
249,,omarlamn005,1891,11,1693,,
250,,adnow,1784,11,1676,,
251,,Vincenciusjulius,1567,11,1606,,
252,,rr19042003,2046,10,2290,,
253,,gr8k9t,1970,10,2235,,
254,,dubidubik007,1867,10,2202,,
255,,nisanl57,2026,10,2142,,
256,,godsownkerala,1969,10,2115,,
257,,BAPbI4,1842,10,2108,,
258,,Kisa69,1913,10,2073,,
259,,zygas16,2162,10,2039,,
260,,biokompott,1985,10,2033,,
261,,GajahSakti,2158,10,1997,,
262,,ST-AN-AR,1963,10,1953,,
263,,J_H_T_R,1903,10,1949,,
264,,G-Rue,1863,10,1920,,
265,,Zoa-skn77,1913,10,1856,,
266,,fenki,1861,10,1848,,
267,,alekoasd,1621,10,1847,,
268,,DIgor1706,1862,10,1837,,
269,,HighestUnrated,1910,10,1826,,
270,,Elzio123,1904,10,1814,,
271,,Magnocarlo,1644,10,1774,,
272,,madothi,1473,10,1763,,
273,,OrcatReloaded,1391,10,1748,,
274,,imvencut,1777,10,1747,,
275,,Bapi-das,1869,10,1739,,
276,,duzhan72-temir,1537,10,1731,,
277,,eliecercruzramirez71,1789,10,1726,,
278,,rodchrysler,1741,10,1714,,
279,,IkromAkhunov,1818,10,1705,,
280,,richardmvula90,1854,10,1672,,
281,,ferdrio2020,1849,10,1663,,
282,,sehahaf,1722,10,1649,,
283,,BugJon,1425,10,1640,,
284,,Yasvic,1725,10,1617,,
285,,costinpopa,1733,10,1602,,
286,,tonusrossi,1643,10,1589,,
287,,JosePalenzuela,1782,10,1580,,
288,,elenavenera,1422,10,1578,,
289,,Francklerenoi,1454,10,1575,,
290,,Eswar122450harshini,1422,10,1573,,
291,,zlalexxx1,1173,10,1462,,
292,,DONGUZ-ORENBURG,1512,10,1451,,
293,,INFLAMABLE777,1112,10,1421,,
294,,azoq_the_defiler,2013,9,2292,,
295,,atigla,2143,9,2163,,
296,,Ionih,1935,9,2141,,
297,,EricGuanteng,1943,9,1972,,
298,,Bilgee14,1856,9,1950,,
299,,Hijkl_froost,1868,9,1893,,
300,,Wangler,1821,9,1847,,
301,,vanjodan,1935,9,1837,,
302,,ASLLAGAS,1604,9,1815,,
303,,Vadim321,1674,9,1779,,
304,,checkpeace,2117,9,1764,,
305,,masduanto,1696,9,1763,,
306,,Andrey3399,1854,9,1754,,
307,,MessiKon,1773,9,1753,,
308,,aleksli78,1899,9,1737,,
309,,uaRapid,1816,9,1722,,
310,,VORONKOV_ROMAN,1974,9,1713,,
311,,Kumarchampion,1715,9,1683,,
312,,ThuyBachDuong,1866,9,1668,,
313,,Demon702,1869,9,1666,,
314,,BSI73,1890,9,1640,,
315,,CLSfrog,1471,9,1632,,
316,,Djoy11,1667,9,1632,,
317,,Serega63,1673,9,1520,,
318,,Divyanshu7617,1340,9,1518,,
319,,samettosun,1788,9,1465,,
320,,Erzyanin,1680,9,1354,,
321,,economist101,1952,8,2547,,
322,,Xinvoker,2217,8,2515,,
323,,dedvlad30,1998,8,2435,,
324,,DeChok,1824,8,2364,,
325,,OLiverOL10,2069,8,2315,,
326,,Albandm,1823,8,2297,,
327,,goldenheart,1848,8,2288,,
328,,doitnow,1904,8,2245,,
329,,gordanacvetanovic,1758,8,2181,,
330,,AZIZBEKYAN,2258,8,2176,,
331,,tEdIhArD,2133,8,2164,,
332,,Playerrha,1945,8,2158,,
333,,LOMOCRE,1693,8,2156,,
334,,Alhexie,1959,8,2149,,
335,,Sergei_Tarasov,2114,8,2111,,
336,,ProtonM,1910,8,2101,,
337,,viktor-1960,1798,8,2092,,
338,,Tinotin,1961,8,2090,,
339,,Thoma85,1812,8,2059,,
340,,Yakcello,1648,8,2034,,
341,,LAshi1,1602,8,2031,,
342,,Barinjaka,2029,8,2016,,
343,,HaN77,1935,8,2015,,
344,,smrevgeniy,1831,8,2001,,
345,,rufat-novichok,1527,8,1999,,
346,,laza05,2037,8,1984,,
347,,dzukou,2067,8,1978,,
348,,Djastin,1908,8,1965,,
349,,tatarsezgin,1923,8,1959,,
350,,Jubaer113,1697,8,1935,,
351,,u1r2i3,1916,8,1934,,
352,,uniclar98,1915,8,1923,,
353,,Arbaletovajanna,1967,8,1919,,
354,,ardrrriiiichhhhh,1522,8,1918,,
355,,Njivahasiniaina,1750,8,1916,,
356,,Iorsh,1870,8,1908,,
357,,chenchov,2170,8,1895,,
358,,Viktor_Ka,2416,8,1892,,
359,,pikus2,1755,8,1891,,
360,,ElchinW,1682,8,1890,,
361,,chusgijon,1717,8,1883,,
362,,eymbee01,1832,8,1877,,
363,,navigator_gma,1487,8,1864,,
364,,stpuh,1803,8,1844,,
365,,igorrisland,2051,8,1840,,
366,,erenen,1570,8,1837,,
367,,badbchess,1995,8,1825,,
368,,billmisias,1979,8,1820,,
369,,Panglima_Kudahitam,1905,8,1816,,
370,,KudaBinal_73,1742,8,1809,,
371,,Igoreoc1,1658,8,1805,,
372,,Suwandi69,1770,8,1798,,
373,,Dinglirenguya,1883,8,1798,,
374,,doktorzet,1915,8,1795,,
375,,prathyurazz,1640,8,1789,,
376,,Stevolicious,1731,8,1789,,
377,,BoAnd73,1590,8,1769,,
378,,raban24,1593,8,1767,,
379,,zcanik,1546,8,1765,,
380,,rdx1_vishal_katariya,1387,8,1757,,
381,,Roman-Nsk,1906,8,1741,,
382,,Mayeso,1228,8,1723,,
383,,Drdk54,1497,8,1722,,
384,,Achille_Debussy,1834,8,1722,,
385,,chiragarora,1651,8,1699,,
386,,Naser50,1651,8,1697,,
387,,Valerij_Lipetsk,1558,8,1696,,
388,,Valery_shom1,1788,8,1696,,
389,,raquiboi,1811,8,1695,,
390,,gedge1981,1512,8,1689,,
391,,tubudi,1607,8,1685,,
392,,doni2008,1698,8,1684,,
393,,AlexKennet,1747,8,1668,,
394,,shahed3,1699,8,1652,,
395,,phgrilo,1931,8,1651,,
396,,Tokepinangulim,1662,8,1641,,
397,,KiyotakaAyanokoji07,1567,8,1633,,
398,,jurijns,1578,8,1574,,
399,,Smoker1985,1484,8,1542,,
400,,Naganand,1323,8,1534,,
401,,Tigran_Seviyan,1321,8,1531,,
402,,jorg3rd,1442,8,1522,,
403,,iliqn72,1678,8,1517,,
404,,BrotherManBM,1824,8,1513,,
405,,VolodymyrKarpinskii,1579,8,1488,,
406,,HazOnTheBlock00,1479,8,1460,,
407,,maliakyildiz,1452,8,1406,,
408,,ToddElder,1226,8,1099,,
409,,userNameDC,2033,7,2217,,
410,,Young_Widow02,2153,7,2106,,
411,,Ardena,2006,7,1905,,
412,,PscIonG,1758,7,1896,,
413,,Misha_Dinozavrik,1815,7,1797,,
414,,georgdev,1713,7,1795,,
415,,DPP_1777,1962,7,1755,,
416,,caswell39,1776,7,1736,,
417,,Adidas2007,1835,7,1707,,
418,,Adiahirwar,1689,7,1658,,
419,,kbkloveschess,1738,7,1653,,
420,,mohsenjojo74,1763,7,1611,,
421,,kjellhudik,1646,7,1599,,
422,,Igor_Polomoh2,1735,7,1552,,
423,,Dvoice,1698,7,1533,,
424,,Deep_Ekka_69,1708,7,1521,,
425,,Delarj2,1643,7,1500,,
426,,Nibhishp,1224,7,1480,,
427,,counterque,1584,7,1463,,
428,,Cruzeiro_DNA,2204,6,2380,,
429,,ShpakOleg,2006,6,2183,,
430,,pannaina_nogue,2094,6,2176,,
431,,AleksandraYurevnaDUT,2009,6,2162,,
432,,Piatekolo,1737,6,2144,,
433,,Sela74,1906,6,2107,,
434,,elmonkey,1762,6,2071,,
435,,adhamjon4012,2030,6,1996,,
436,,MirazSarder,2001,6,1972,,
437,,Archiekhv,2027,6,1965,,
438,,Kozlov_246,1637,6,1949,,
439,,Timtimginting,2025,6,1938,,
440,,iyuszzzzzz,1996,6,1934,,
441,,I_P,1604,6,1933,,
442,,ClotharClov,1901,6,1920,,
443,,Petrov1357,1895,6,1898,,
444,,vbar,1964,6,1896,,
445,,pradhanguru1982,1791,6,1888,,
446,,Sandygm,1817,6,1888,,
447,,MenkoDvirginproducer,1940,6,1871,,
448,,heri_limbong,1864,6,1850,,
449,,huddle,1779,6,1824,,
450,,SUdoroGa,1801,6,1824,,
451,,GGzz28,1824,6,1822,,
452,,Alekseyxm,1584,6,1821,,
453,,CoffeeOne,1956,6,1808,,
454,,vinodp5062,1635,6,1787,,
455,,YUSUF_ALI1962,1907,6,1787,,
456,,Watch1970,1663,6,1770,,
457,,dpmptsp,1755,6,1766,,
458,,kayac,1783,6,1735,,
459,,Csipisz,1802,6,1733,,
460,,enokh,1873,6,1720,,
461,,Maman_Durahman,1726,6,1707,,
462,,rudenvas,1837,6,1706,,
463,,francescotal,1626,6,1704,,
464,,boris049,1723,6,1698,,
465,,mecelle10,1814,6,1696,,
466,,Densonnn1,1643,6,1696,,
467,,HenkStruikmans,1817,6,1690,,
468,,youhimself,1620,6,1689,,
469,,Blaz58,1722,6,1689,,
470,,Dmitr7S,1445,6,1689,,
471,,Rus12_12-12,1733,6,1669,,
472,,AndreiKudin,1755,6,1660,,
473,,Gobsmacking,1469,6,1656,,
474,,hariadivicky,1130,6,1651,,
475,,PRK_1978,1497,6,1650,,
476,,Genadiy_Suchanov,1452,6,1628,,
477,,BOPOH24,1902,6,1628,,
478,,Karrar2024,1833,6,1615,,
479,,militoncube00,1655,6,1607,,
480,,arturbaloev,1616,6,1601,,
481,,PushTheTempo,1713,6,1599,,
482,,amirmohammadjabari47,1721,6,1594,,
483,,Muraddi,1788,6,1576,,
484,,Rubila78,1388,6,1529,,
485,,blunderinKing,1534,6,1473,,
486,,karika05,1465,6,1461,,
487,,Stepanov77,1357,6,1459,,
488,,sameerkkv,1563,6,1447,,
489,,Reallyspecial2388,1646,6,1444,,
490,,Zishim,1478,6,1435,,
491,,Ali_IRAN-110,1345,6,1412,,
492,,deshankavishka,1577,6,1392,,
493,,vosokor15,885,6,1274,,
494,,Ramoneti2264,1110,6,1157,,
495,,MStaykin,2106,5,2169,,
496,,bahram1396,2162,5,2137,,
497,,omarAlaa122,1911,5,2110,,
498,FM,thestench,2179,5,2101,,
499,,Pavel75,1801,5,2001,,
500,,Volodya51,1982,5,1925,,
501,,waldemaro,1785,5,1883,,
502,,pipink,2096,5,1876,,
503,,bluher2015,1701,5,1874,,
504,,voljan19,1629,5,1870,,
505,,Mistakeplayer,1797,5,1812,,
506,,Kavishhh,1965,5,1783,,
507,,grosbebelove,1765,5,1771,,
508,,tsedawa,2015,5,1770,,
509,,Only-Move,1926,5,1742,,
510,,PS_AVISHKA_HESHAN,1815,5,1736,,
511,,Dhyan23,1682,5,1720,,
512,,ismayil1234,1799,5,1693,,
513,,Superzambia7,1694,5,1676,,
514,,Cergoo,1641,5,1665,,
515,,Artur2010H,1866,5,1654,,
516,,estong2015,1959,5,1652,,
517,,castirrioja,1638,5,1641,,
518,,jatinmalkani1234,1401,5,1635,,
519,,Malibu96,1768,5,1631,,
520,,vishy_pratyush,1674,5,1609,,
521,,estebanboro,1635,5,1582,,
522,,Daulet_24,1316,5,1571,,
523,,Shargal1961,1731,5,1560,,
524,,WALIDHUSSEIN,1299,5,1541,,
525,,aniketw04,1835,5,1539,,
526,,Jayjjchessplayer,1604,5,1534,,
527,,DimaZaver,1624,5,1523,,
528,,HeriAb,1345,5,1521,,
529,,Zigmut_18,1727,5,1433,,
530,,fariborz0098,1489,5,1419,,
531,,radman1390,1501,5,1407,,
532,,The_WeakestPlayer,1489,5,1313,,
533,,aegiradaergon,1175,5,1184,,
534,,JWCRCB87,2175,4,2589,,
535,,mehmetbal79,2229,4,2535,,
536,,Bellydebul,1922,4,2475,,
537,,IRAN_2023,2303,4,2467,,
538,,abcdefghgfedcba,1935,4,2409,,
539,,Bos_ramjie,1859,4,2377,,
540,,namkhanhsk1,1834,4,2366,,
541,,NguniAaron,1934,4,2333,,
542,,banszegi,1992,4,2322,,
543,,drdh3291,1851,4,2293,,
544,,chezz-2000,2013,4,2279,,
545,,Ampliy,1915,4,2277,,
546,,cham_mg,1825,4,2276,,
547,,Kralle13,2029,4,2263,,
548,,Andriy1953,1760,4,2253,,
549,,AVN1963AVN,1661,4,2237,,
550,,HariMaster,1856,4,2236,,
551,,nico_j,1677,4,2192,,
552,,Kwena,1965,4,2190,,
553,,Brawl_nekov_negr_Lox,1601,4,2178,,
554,,TOLIA8,1898,4,2157,,
555,,adewale,2170,4,2149,,
556,,kazamaza,1750,4,2125,,
557,,Nicoolasso,1650,4,2115,,
558,,carlosnava,1695,4,2111,,
559,,MarioGojan,1809,4,2111,,
560,,bengking,1894,4,2103,,
561,,Brightlukosha,1641,4,2080,,
562,,ChessMan794,1707,4,2080,,
563,,labuh,1633,4,2078,,
564,,shatrangehamid,2029,4,2072,,
565,,Rodrigo9961,2005,4,2069,,
566,,FrankV_9191,1632,4,2061,,
567,,Serg2610,1701,4,2032,,
568,,Chessminator109,1993,4,2012,,
569,,arvindshastry678,1678,4,2008,,
570,,norqulovogabek007,1879,4,1996,,
571,,Janshua,1133,4,1983,,
572,,Socrates777,1880,4,1962,,
573,,Pikard,1927,4,1958,,
574,,Drolon,1785,4,1953,,
575,,Dragooon111,1812,4,1951,,
576,,Black-Assasin_2,1819,4,1937,,
577,,H_Amin,2147,4,1915,,
578,,Cybermemere,2209,4,1908,,
579,,Gyaljensherpa2,1940,4,1905,,
580,,Kubo11,1828,4,1896,,
581,,Alexandr02,1931,4,1889,,
582,,Genie3Wishes,1706,4,1886,,
583,,atacante,1651,4,1885,,
584,,BRAINBATTLESKT,1880,4,1882,,
585,,Zeljok,1596,4,1881,,
586,,Mazzy1005,1655,4,1871,,
587,,Thisisnotme,2222,4,1867,,
588,,Arthur_2023,1505,4,1863,,
589,,PeterPaulDumapit,1637,4,1858,,
590,,MagallanK,1598,4,1858,,
591,,editegal,1760,4,1853,,
592,,Rshtuni_Vigen_X,1920,4,1846,,
593,,Svetlana1979,2168,4,1845,,
594,,Luisgarci,1656,4,1844,,
595,,CePreii,1946,4,1844,,
596,,yarmanov_a,1651,4,1842,,
597,,jknow,1837,4,1841,,
598,,sagarsojitra,1912,4,1840,,
599,,Habeeb777,1854,4,1840,,
600,,jaguar1637,1888,4,1838,,
601,,sickno,1269,4,1833,,
602,,ptr_62,1924,4,1832,,
603,,cusarigami,1764,4,1825,,
604,,stoga1,1758,4,1821,,
605,,Donszn,1630,4,1810,,
606,,scrutinized,1521,4,1802,,
607,,npeasant,1558,4,1798,,
608,,Helaitl,2028,4,1793,,
609,,hojjatof,1564,4,1792,,
610,,Mabitsela23,1725,4,1789,,
611,,izwannasir,1814,4,1788,,
612,,SINUS55,1590,4,1788,,
613,,MOOZHI-KHOSHNAW,1732,4,1784,,
614,,Ertim,1269,4,1780,,
615,,Salvor42,1686,4,1780,,
616,,SuicideByPawn,1755,4,1779,,
617,,zigmas07,1892,4,1779,,
618,,Elubai57-01,1812,4,1776,,
619,,Fredangely,1454,4,1773,,
620,,Soummyachess,1808,4,1765,,
621,,Urveesh,1607,4,1763,,
622,,vorekin,1469,4,1748,,
623,,AL1970,1581,4,1746,,
624,,Ouf4,1672,4,1740,,
625,,apple_zigzag,2107,4,1739,,
626,,Marat65,1796,4,1739,,
627,,suraj09,1733,4,1731,,
628,,Otet123,1722,4,1731,,
629,,Far-cry,1819,4,1720,,
630,FM,Kenig_chess,1947,4,1719,,
631,,average_d4_enjoyer,1840,4,1718,,
632,,cmate44,1544,4,1717,,
633,,Alexsandr-63,1726,4,1699,,
634,,edwin03peter,1701,4,1698,,
635,,Gazimagomed05,1817,4,1684,,
636,,hatemholaibi,1589,4,1680,,
637,,Andrey_Shans,1708,4,1677,,
638,,mukhabarat1973,1682,4,1653,,
639,,vahid7777,1694,4,1648,,
640,,HintermoserHans,1620,4,1644,,
641,,kocmarovsk,1654,4,1643,,
642,,Antharam,1492,4,1641,,
643,,peaky3425,1846,4,1634,,
644,,Del_Cel_Sialab,1701,4,1633,,
645,,Dragon_infernal,1806,4,1621,,
646,,alexonsar,1760,4,1619,,
647,,Nurgalii79,1850,4,1619,,
648,,sl198,1593,4,1609,,
649,,mahdi_bardestani,1506,4,1601,,
650,,Manxp,1764,4,1585,,
651,,Yancitov,1584,4,1580,,
652,,Rayzap,1393,4,1577,,
653,,MihaiYBN,1297,4,1566,,
654,,perikk2021,1368,4,1559,,
655,,Mutulifrank,1550,4,1555,,
656,,Nurmawati123,1720,4,1552,,
657,,ooooashkan910,1372,4,1546,,
658,,hee,1380,4,1542,,
659,,FrankTheKing,1317,4,1531,,
660,,Nadirli,1328,4,1531,,
661,,Klavdiya89,1535,4,1530,,
662,,hakim040,1849,4,1529,,
663,,natchz001,1558,4,1517,,
664,,Eselzug,1752,4,1513,,
665,,IFINGER,1837,4,1512,,
666,,enize010,1720,4,1504,,
667,,niknik18051968,1655,4,1503,,
668,,Vova1956AVIA,1594,4,1497,,
669,,chuchys,1056,4,1497,,
670,,mahi2104,1596,4,1487,,
671,,kajal2020,1851,4,1486,,
672,,dla123,1646,4,1476,,
673,,Sascha1984,1066,4,1474,,
674,,sridsp,1462,4,1467,,
675,,dcandikwhy,1501,4,1444,,
676,,knight84,1576,4,1443,,
677,,EskoVirtanen,1624,4,1442,,
678,,valk55577,1633,4,1418,,
679,,ELYAS2OOO,1919,4,1406,,
680,,deepjonny,1194,4,1398,,
681,,braneSLO,1313,4,1354,,
682,,Kajsufic,1684,4,1336,,
683,,rozis,1589,4,1329,,
684,,KelvinKutadza,1520,4,1326,,
685,,Tiibi09,1347,4,1325,,
686,,VicentePlacente,1298,4,1297,,
687,,mikeUnix,1392,4,1285,,
688,,Al5,2220,3,2316,,
689,,Maksimlyutyy,1911,3,2242,,
690,,Rajah30,1787,3,2233,,
691,,ehsi,2155,3,2029,,
692,,Hamitt1366,2110,3,2026,,
693,,Daniil345,1872,3,2010,,
694,,lacampora,2049,3,1961,,
695,,Thanigaivel,1558,3,1960,,
696,,clemz7,1836,3,1937,,
697,,grandmastervihang,1904,3,1920,,
698,,Viktor_n84,1904,3,1873,,
699,,Emily29,2113,3,1864,,
700,,Miksijaveli123,1997,3,1831,,
701,,Maksimgut,1706,3,1804,,
702,,Pasupathan,1669,3,1776,,
703,,Ranzy92,1775,3,1765,,
704,,btbt22,1921,3,1750,,
705,,taps1,1887,3,1714,,
706,,sine,1671,3,1691,,
707,,maverickzw,1805,3,1675,,
708,,BrymoSoliu,1784,3,1673,,
709,,teezmy1,1730,3,1635,,
710,,IRMartynenko,1689,3,1633,,
711,,sandeep1409,2113,3,1608,,
712,,Vatnik70,1836,3,1603,,
713,,MR_pocho,1325,3,1578,,
714,,NARVA-2021,2081,3,1572,,
715,,uchame007,1790,3,1554,,
716,,DerWeisseBlitz,1703,3,1529,,
717,,UKHOV_DMITRYI_PERM85,2159,3,1528,,
718,,Fantastic_Ishrit_012,1467,3,1523,,
719,,MaxRyba1,1379,3,1494,,
720,,dwi_68,1768,3,1455,,
721,,Mimec,1641,3,1452,,
722,,kalyan10,1778,3,1402,,
723,,sashadrobinin,941,3,1378,,
724,,Yassin_abdo,1528,3,1352,,
725,,SuperAlex159,1819,3,1347,,
726,,Ntwanas,1510,3,1347,,
727,,t_windx,1605,3,1330,,
728,,zvezdas_000,1392,3,1296,,
729,,a_hassanzadeh61,1717,3,1293,,
730,,SKOMOROCHY,1349,3,1225,,
731,,kremlir,1302,3,1225,,
732,,noobever,1510,3,1211,,
733,,Damir150513,1329,3,1203,,
734,,Vivaan7715,1609,3,1186,,
735,,chobo47,1215,3,1174,,
736,,moorthy1962,1843,2,2717,,
737,,Anmolsingh2000,1962,2,2567,,
738,,boltthe,1953,2,2542,,
739,,patzer3,2013,2,2533,,
740,,Jtg650175,2044,2,2505,,
741,,brassparts1,1969,2,2496,,
742,,Marat197830,2020,2,2491,,
743,,sallamo99,1822,2,2446,,
744,,Anas_platyrhynchos,2220,2,2443,,
745,,sular777,1823,2,2416,,
746,,Dzegafriden,1921,2,2406,,
747,,Ayesuka,1780,2,2406,,
748,,Minkarad,1912,2,2367,,
749,,miharouk,1854,2,2319,,
750,,MNCung_Hasyim,2064,2,2316,,
751,,EBTEBT,1823,2,2311,,
752,,mario2828,2164,2,2294,,
753,,vijaymv483,1739,2,2290,,
754,,Angeltelaguarda,1887,2,2278,,
755,,I_m_Newbie,1752,2,2275,,
756,,cahil_filozoff,1795,2,2261,,
757,,Rage_03,1843,2,2257,,
758,,aef5871c46e,1746,2,2236,,
759,,Schwarze_Prinz,2120,2,2234,,
760,,Yavasgr,2055,2,2232,,
761,,Flyalex,1781,2,2230,,
762,,iamkillmonger,1755,2,2226,,
763,,maiklb,1784,2,2219,,
764,,Jmr61,1726,2,2218,,
765,,TasoLesediVictor,1746,2,2216,,
766,,ix_ix,1891,2,2201,,
767,,romy06,1562,2,2192,,
768,,picaveli,1699,2,2189,,
769,,kentoyamazaki,2367,2,2164,,
770,,LavBlek,1932,2,2161,,
771,,MajklCSKA,1739,2,2151,,
772,,Verxoynsk76,1712,2,2142,,
773,,greantea,1706,2,2131,,
774,,Alpine_Dog,1624,2,2117,,
775,,Pachanguero,1980,2,2115,,
776,,EgorSyzrantsev,1516,2,2109,,
777,,rezaaghajan,1619,2,2102,,
778,,chesspandi173,1608,2,2099,,
779,,tategoftee,1714,2,2082,,
780,,Aliska2006,2028,2,2041,,
781,,Engmood2010,1576,2,2024,,
782,,Savka_Kolbaskin,2171,2,2019,,
783,,Yuanxiaoqiu,1245,2,2017,,
784,,Faisal12346,1540,2,2007,,
785,,Sharshenovalmaz,1786,2,2002,,
786,,Move_like_tiger,1479,2,2001,,
787,,jennson,1608,2,2001,,
788,,izikian,1617,2,1978,,
789,,CarlosSteckrinski,2242,2,1969,,
790,,gimutaojj30,1827,2,1966,,
791,,XOLAN_TAL13000,1934,2,1965,,
792,,poisonpotato,1857,2,1945,,
793,,dumons73,1788,2,1940,,
794,,DungeoNMasteR_L,2209,2,1939,,
795,,N1c01as,1750,2,1928,,
796,,Fkot12,1881,2,1920,,
797,,KingsguardKnight,1886,2,1917,,
798,,franz042110,1663,2,1893,,
799,,hasinta,1575,2,1891,,
800,,CrazyMonsterBoss,1382,2,1873,,
801,,m0younes,1485,2,1859,,
802,,tramila,1731,2,1858,,
803,,Refreshcatur,1744,2,1858,,
804,,Murthye4,1715,2,1857,,
805,,matomash,1783,2,1855,,
806,,serdarharun,1773,2,1849,,
807,,Galina74,1723,2,1849,,
808,,Littlesnowii,1355,2,1843,,
809,,WormBoy,1890,2,1838,,
810,,nashcarlls,2053,2,1836,,
811,,holvachi,1843,2,1833,,
812,,Bert-W,1733,2,1833,,
813,,Acip,1980,2,1832,,
814,,b2das,1609,2,1831,,
815,,lepidoptetra,1643,2,1822,,
816,,KuendoGambit,1579,2,1821,,
817,,Getting_Better_23,1972,2,1814,,
818,,SIDDHANT1503,1794,2,1811,,
819,,bravoEdo,1763,2,1810,,
820,,Agus_Yasmin,1865,2,1810,,
821,,Gerry019,1955,2,1807,,
822,,Mohamadsaleh114,1709,2,1806,,
823,,ozkanyolal,1537,2,1804,,
824,,junblitz,2020,2,1798,,
825,,danireo,1871,2,1797,,
826,,david542517,1804,2,1788,,
827,,manasa_reddy,1009,2,1788,,
828,,Gorunuch,1836,2,1787,,
829,,ALEXDMITROV,1995,2,1785,,
830,,fosforos,1842,2,1783,,
831,,Donpobosky,1732,2,1780,,
832,,valdemar123,1607,2,1775,,
833,,poypolpak,1545,2,1774,,
834,,olomoucak,2293,2,1764,,
835,,RuporGrint,1754,2,1755,,
836,,alionen,1600,2,1750,,
837,,barrimor,1715,2,1749,,
838,,KayraOztrk,1601,2,1748,,
839,,Kshire,1914,2,1745,,
840,,claudy399,1577,2,1743,,
841,,mfdonline2460362,1814,2,1741,,
842,,satya1997,1713,2,1735,,
843,,Akpujn,1683,2,1727,,
844,,Ugor1977,1571,2,1718,,
845,,Varnaregion,1799,2,1713,,
846,,cakrawala,1315,2,1710,,
847,,SamiulEhsanShafin,1510,2,1709,,
848,,cilensio,1721,2,1708,,
849,,Versero74,2199,2,1700,,
850,,MamyHasinony,1311,2,1699,,
851,,Hugsaff,1708,2,1697,,
852,,kw3b,1389,2,1689,,
853,,NovoselovN,1649,2,1684,,
854,,David27-1970,1750,2,1684,,
855,,mmuel02,1787,2,1683,,
856,,Iv3973788,1732,2,1680,,
857,,Grisha_113,1286,2,1678,,
858,,tuniu51,1824,2,1677,,
859,,Pocoron4275,1629,2,1677,,
860,,UriiKh,1540,2,1676,,
861,,Ayni14,1927,2,1675,,
862,,nik_71,1968,2,1675,,
863,,amrutmishra,1621,2,1672,,
864,,Uleman,1789,2,1672,,
865,,Coco158,1799,2,1666,,
866,,Hosna13931393,1544,2,1666,,
867,,BureauVeritas,1680,2,1665,,
868,,luksor6,1826,2,1661,,
869,,Edebu1984,1672,2,1659,,
870,,Shohrux_Begimov,1660,2,1655,,
871,,Asyrmuhammet_2011,1751,2,1649,,
872,,MagnusKasparov12,1859,2,1649,,
873,,mencikfaruk1,1516,2,1644,,
874,,cumulus200,1387,2,1643,,
875,,Alena03,1778,2,1640,,
876,,victorolosaurus,1634,2,1638,,
877,,knightvikky,1559,2,1637,,
878,,SirStreuer,1486,2,1631,,
879,,lecess,1440,2,1627,,
880,,Jay003,1307,2,1626,,
881,,Stilbruch,1582,2,1626,,
882,,Arapkios,1724,2,1624,,
883,,Zilez,1735,2,1622,,
884,,Kchessman2015,1687,2,1615,,
885,,Skyleft,1509,2,1605,,
886,,Ramin71,1288,2,1600,,
887,,kingOJ,1541,2,1589,,
888,,hikarou2011,1594,2,1588,,
889,,kagiso,1551,2,1582,,
890,,Rob19891989,1605,2,1577,,
891,,Toussenel,1612,2,1572,,
892,,z_vasiliy,1486,2,1565,,
893,,shakbanov-abd,1504,2,1565,,
894,,Lyfun,1318,2,1560,,
895,,Jotake,1914,2,1559,,
896,,littleealf,1386,2,1558,,
897,,AFHNJDSQ,1819,2,1556,,
898,,pranaygud,1553,2,1553,,
899,,Iv-Iv-Iv,1758,2,1548,,
900,,Ijahan,1765,2,1546,,
901,,dorkomplet,1910,2,1537,,
902,,ndog-72,1705,2,1533,,
903,,Oigor-04,1611,2,1525,,
904,,victor51,1907,2,1524,,
905,,tomasitioteba,1772,2,1517,,
906,,Sanu_679,1387,2,1517,,
907,,seyhansenocak,1755,2,1515,,
908,,MPP5,1534,2,1510,,
909,,Mr_dwi,2032,2,1507,,
910,,sanskar9797,1649,2,1504,,
911,,kipliboy,1775,2,1501,,
912,,Abhi2496,1483,2,1498,,
913,,check_mate0766,1534,2,1495,,
914,,Otto60,1987,2,1494,,
915,,tvo29,1217,2,1492,,
916,,limitlesspawn,1425,2,1490,,
917,,sankalpsharmaa,1309,2,1490,,
918,,ali_6846,1775,2,1488,,
919,,Tribhushan,1465,2,1487,,
920,,zvf1947,1763,2,1487,,
921,,Ge_neral_33,1696,2,1482,,
922,,JAGX70,1469,2,1474,,
923,,maksim13rus,1356,2,1474,,
924,,aks_mall08,1198,2,1466,,
925,,BachTalibe,1525,2,1465,,
926,,Thabiso_Mamba,1119,2,1455,,
927,,neil00000,1430,2,1450,,
928,,sergo1604,1660,2,1447,,
929,,esspion,1618,2,1442,,
930,,sun_ray_king,1773,2,1442,,
931,,Legioner-9,1797,2,1441,,
932,,chisirike1,1521,2,1440,,
933,,Odongrobert,1550,2,1438,,
934,,neel_patwardhan,1556,2,1430,,
935,,ruchilsboss,1355,2,1429,,
936,,Raxker,1574,2,1419,,
937,,Tatarov79,1672,2,1416,,
938,,munim1,1419,2,1415,,
939,,Alanya_8277,1650,2,1413,,
940,,GrozniyBuryat,1376,2,1410,,
941,,Frrr13,1571,2,1401,,
942,,marwazy,1791,2,1401,,
943,,donnyerikson,1633,2,1400,,
944,,NahrisWhelington,1476,2,1400,,
945,,EnzoTorresRivas,1698,2,1395,,
946,,Naelahmad,1087,2,1392,,
947,,Dim999777,1830,2,1385,,
948,,Starliker5,950,2,1378,,
949,,myeyeswereclosed,1506,2,1375,,
950,,BestQty12,1576,2,1373,,
951,,Alex1604Alex,1085,2,1372,,
952,,abdulrahmanluai,1503,2,1370,,
953,,djadjew,1812,2,1370,,
954,,powuz,1504,2,1363,,
955,,Mohamedelzatary1234,1546,2,1360,,
956,,dada055,1474,2,1349,,
957,,Jasper_jaraya,1828,2,1347,,
958,,Bablulu,1404,2,1343,,
959,,Diyansu,1735,2,1342,,
960,,Santhoshraras,1620,2,1332,,
961,,Noel_mwandoe,1638,2,1325,,
962,,PeterLerntSchach,1131,2,1325,,
963,,Aman2805,1627,2,1320,,
964,,AhmedMtaw3,1460,2,1320,,
965,,ProngsTheMarauderz,1454,2,1320,,
966,,Mkyadav,1626,2,1312,,
967,,Boris_Britney,1457,2,1310,,
968,,Askar_Baimuratov,1127,2,1305,,
969,,whatt189,1261,2,1298,,
970,,snoo32,1175,2,1298,,
971,,edinadali,1160,2,1296,,
972,,MKPL,1502,2,1283,,
973,,Giumeza,1384,2,1279,,
974,,Muralidharan777,1023,2,1279,,
975,,justtyyyyy,1206,2,1279,,
976,,Holovaaa,1286,2,1278,,
977,,StonedWalldefence,1753,2,1270,,
978,,Vasya3010,1521,2,1257,,
979,,Ganeshbunde,1604,2,1255,,
980,,alexsandr7,2206,2,1254,,
981,,IvanT-79,1434,2,1252,,
982,,AMocha,1238,2,1242,,
983,,Eeshan0111,1175,2,1238,,
984,,rueanatole,1179,2,1233,,
985,,ismael70,1491,2,1228,,
986,,Veer26,1277,2,1202,,
987,,DenisKov101,1569,2,1202,,
988,,ThakurRajesh,1664,2,1184,,
989,,KirillKitlin,1556,2,1172,,
990,,manawanui,1423,2,1158,,
991,,HoroshevSlava,1436,2,1152,,
992,,assis123,992,2,1054,,
993,,raycharles9,811,2,1049,,
994,,van_hohenheimXP,1198,2,1002,,
995,,Alex_moscow1234,1329,2,932,,
996,,Bahreyni,1985,1,2003,,
997,,KovalyovArtyom,1963,1,1931,,
998,,SBA59,1936,1,1919,,
999,,Awal_pohan,1896,1,1905,,
1000,,Aleksey1205,1892,1,1871,,
1001,,Simonsoda,1288,1,1799,,
1002,,zlarkisz,2504,1,1787,,
1003,,Artako,1914,1,1763,,
1004,,ResearchMath,1263,1,1729,,
1005,,Abang_raizal,1882,1,1711,,
1006,,Gonmont,1899,1,1649,,
1007,,alexche99,1908,1,1647,,
1008,,mobinett,1726,1,1606,,
1009,,ThurmanMermann,1574,1,1547,,
1010,,pratik_h,1814,1,1546,,
1011,,Assasinatorzzz,1636,1,1480,,
1012,,iprass,1427,1,1459,,
1013,,ChikaWarren,1533,1,1449,,
1014,,padd211,1978,1,1392,,
1015,,FERCHOSA,1727,1,1374,,
1016,,Kim_Ndiema,1711,1,1321,,
1017,,Katkat23,1195,1,1301,,
1018,,elkurrako,1794,1,1279,,
1019,,MaDARA_UCHIHA6,1343,1,1279,,
1020,,Asad771,1659,1,1242,,
1021,,pimousse13,1683,1,1232,,
1022,,yusafza007,877,1,940,,
1023,,schah555,1023,1,876,,
1024,,vladimir2709,2333,0,,,
1025,,Rodion2203,2274,0,,,
1026,,Anadalous,2148,0,,,
1027,,siknao99,2124,0,,,
1028,,Imperium_DPR,2098,0,,,
1029,,abdo1122,2074,0,,,
1030,,add22-10-2019,2073,0,,,
1031,,Motobecane,2027,0,,,
1032,,PowerPuffHamdi,2010,0,,,
1033,,Dabur,1986,0,,,
1034,,igorvlad1963,1969,0,,,
1035,,Chandler254,1753,0,1961,,
1036,,valeraua,1948,0,,,
1037,,ghanbaridayan,1944,0,,,
1038,,AbdulMalek-Al-ahmar,1933,0,,,
1039,,UelrjdFylhtq1,1926,0,,,
1040,,michkasz2020,1917,0,,,
1041,,appolo_paris67,1882,0,,,
1042,,Geras125,1867,0,,,
1043,,Olympus4,1859,0,,,
1044,,CikathanChess,1829,0,,,
1045,,Bishop_70,1827,0,,,
1046,,prakhar96,1810,0,,,
1047,,vaheg,1809,0,,,
1048,,vicovaro25,1796,0,,,
1049,,abdoelmoge,1779,0,,,
1050,,Jafary1962,1774,0,,,
1051,,Redhaneuf111,1774,0,,,
1052,,Diagen1,1756,0,,,
1053,,Robotniik2,1746,0,,,
1054,,Roni_efendi,1746,0,,,
1055,,mohamadketabi1364,1741,0,,,
1056,,Ehsan-777,1874,0,1722,,
1057,,lucxs,1720,0,,,
1058,,mufqimardika,1989,0,1717,,
1059,,Blitzek2800,1717,0,,,
1060,,akashsase,1711,0,1709,,
1061,,LuckiLuci,676,0,1706,,
1062,,jOeDiRt,2375,0,1695,,
1063,,alpha1234,1687,0,,,
1064,,Shivam_bundi,1683,0,,,
1065,,shinefly,2222,0,1678,,
1066,,serbishen,1675,0,,,
1067,,uueee,1665,0,,,
1068,,JONATAN48,2111,0,1660,,
1069,,Aliaksandr_K,1769,0,1655,,
1070,,Pro_Master20,1652,0,,,
1071,,karo_ir,2164,0,1646,,
1072,,salyam,2168,0,1641,,
1073,,Melih_erylmz05,1300,0,1640,,
1074,,meldysen,2063,0,1636,,
1075,,AHMEDBMW,1631,0,,,
1076,,ssohrab0036,1629,0,,,
1077,,Accolade0,2075,0,1629,,
1078,,kakay_ancay,1620,0,,,
1079,,VA1KUS,1615,0,,,
1080,,ghasemA2572,1603,0,,,
1081,,pareeek,1590,0,,,
1082,,Dkruks,1568,0,,,
1083,,Mate_matic,1565,0,,,
1084,,Christo2014,1630,0,1564,,
1085,,AlexPro2002,1564,0,,,
1086,,JonathanTrajano5,2067,0,1563,,
1087,,vsplesk,2085,0,1561,,
1088,,SteamXpress,1559,0,,,
1089,,kosyu,1728,0,1553,,
1090,,Caspercito,1545,0,,,
1091,,Vasilev_Aleksandr,1638,0,1544,,
1092,,Ogmhuseyintutu01,2039,0,1536,,
1093,,Kingspawn70,1535,0,,,
1094,,amosrivera,2009,0,1534,,
1095,,Furlan-Furlan,1925,0,1532,,
1096,,endar28,1798,0,1526,,
1097,,jc331,1514,0,,,
1098,,kingishaq1748,2004,0,1509,,
1099,,Meepsz,1733,0,1506,,
1100,,knightfightsall,1907,0,1505,,
1101,,ignatiushorreili,2275,0,1503,,
1102,,onkelgustav,1937,0,1494,,
1103,,aksdeo5,1493,0,,,
1104,,B1and3r,1889,0,1485,,
1105,,KrugkyakovStanislav,1962,0,1484,,
1106,,Mansur08,1978,0,1483,,
1107,,shainur,1481,0,,,
1108,,ramitalat,1977,0,1478,,
1109,,Jordysac,2077,0,1473,,
1110,,Geroy33256,1356,0,1469,,
1111,,Uzeni_Tapera,1981,0,1468,,
1112,,Naruto_119,1950,0,1463,,
1113,,Hermann1414,1913,0,1460,,
1114,,muhsheglil,1901,0,1454,,
1115,,antetokounmpo_34,2035,0,1446,,
1116,,dreameparadise,1306,0,1444,,
1117,,asfatih,1640,0,1439,,
1118,,ho-s-gorjiii,1906,0,1432,,
1119,,gonzalesplays_14,1424,0,,,
1120,,daviddevisser10,1982,0,1424,,
1121,,mskoltsov,1860,0,1423,,
1122,,amangnunu,1902,0,1421,,
1123,,rokada2,1818,0,1420,,
1124,,kprffff,1861,0,1414,,
1125,,KEswaran123,1739,0,1407,,
1126,,vzzz,1862,0,1407,,
1127,,Albert1986,1489,0,1405,,
1128,,MrCrazyCucumber,2166,0,1403,,
1129,,novichok74,1783,0,1402,,
1130,,Maxicapablanca,1884,0,1401,,
1131,,hdb211-0018-2020,1400,0,,,
1132,,kapsmehra,1885,0,1397,,
1133,,Kim_Nikolay,1396,0,,,
1134,,Nhim1992,1852,0,1391,,
1135,,aposim18,2061,0,1387,,
1136,,Zakhrulloev,1887,0,1385,,
1137,,Play_with_Knight,1774,0,1383,,
1138,,Valide_Gondiker31,1381,0,,,
1139,,Daniel0077,1655,0,1381,,
1140,,kurmet93,1789,0,1373,,
1141,,RezaDwiH,2028,0,1368,,
1142,,clemtheia,1412,0,1367,,
1143,,jestrada5,1876,0,1366,,
1144,,gorans1999,1504,0,1365,,
1145,,Lame_Horse,1499,0,1362,,
1146,,ChessNandi,1701,0,1362,,
1147,,GAMBITPLAYEr22,1359,0,,,
1148,,jellepepermans,1822,0,1359,,
1149,,vix_01,1825,0,1358,,
1150,,ssAshokss,1499,0,1357,,
1151,,Vitaliy_Slovyansk,1444,0,1356,,
1152,,Danni24,1349,0,,,
1153,,felix-baumgartner,1814,0,1349,,
1154,,thobile,1806,0,1348,,
1155,,DrHuio,2124,0,1342,,
1156,,Abdosaed22,1785,0,1341,,
1157,,denaris,1781,0,1339,,
1158,,Mfhanaman,1448,0,1338,,
1159,,Manurung,1751,0,1336,,
1160,,Harris2020,1392,0,1332,,
1161,,joseph93,1401,0,1331,,
1162,,chizp1,1507,0,1330,,
1163,,Molech1,1334,0,1322,,
1164,,hozawi,1778,0,1322,,
1165,,PhantomxA,1579,0,1321,,
1166,,toowoomba,1792,0,1319,,
1167,,pravindrarao,1500,0,1317,,
1168,,Serafimi123,1593,0,1312,,
1169,,hamid-gon,1606,0,1308,,
1170,,shocky18,1818,0,1307,,
1171,,TechBillionaire,1815,0,1300,,
1172,,nagaprasadCH,1576,0,1298,,
1173,,adikk,1013,0,1297,,
1174,,Ulayna2020,1377,0,1297,,
1175,,TM1105,1734,0,1297,,
1176,,marcosmedina347,1850,0,1296,,
1177,,cims,2038,0,1289,,
1178,,Iamkusbisandbacon,1643,0,1286,,
1179,,Wampys,1912,0,1284,,
1180,,Dzudzu,1787,0,1281,,
1181,,Oldrich_Duras,1850,0,1281,,
1182,,sanchir0925,1782,0,1280,,
1183,,TituMama0,1943,0,1279,,
1184,,Govinda3344,1668,0,1278,,
1185,,Tucsonhacker,1759,0,1274,,
1186,,Hasahatan_Pandjaitan,1641,0,1271,,
1187,,LaZxDaddy,1755,0,1270,,
1188,,AndreyBryzgalov1974,1750,0,1265,,
1189,,EgorovEgor-2014,1263,0,,,
1190,,Rompeportones,1756,0,1254,,
1191,,bodrex-1,1807,0,1253,,
1192,,api_sw,1675,0,1251,,
1193,,levski27,1759,0,1251,,
1194,,PsychoChicken,1796,0,1250,,
1195,,born2win2012,1249,0,,,
1196,,purohit1,1639,0,1249,,
1197,,rengucarlsen,1715,0,1248,,
1198,,Krekno,1288,0,1246,,
1199,,HumoyunBeast2006,1809,0,1245,,
1200,,Dmitryii,1769,0,1244,,
1201,,murugun11,1730,0,1243,,
1202,,letusLearn,1646,0,1242,,
1203,,Involuntary,1284,0,1242,,
1204,,jolupe78,1710,0,1241,,
1205,,Fishtaco77,1880,0,1238,,
1206,,AngeloFalcon,1238,0,,,
1207,,Evgeniy-MSK,1591,0,1238,,
1208,,sassa,1750,0,1237,,
1209,,abo_taleen,1774,0,1236,,
1210,,LB7451,1634,0,1234,,
1211,,Rusevna,1454,0,1233,,
1212,,JohhnKAROL,1773,0,1232,,
1213,,Relaxplease,1471,0,1232,,
1214,,ritankar,1656,0,1232,,
1215,,Abhimanyu1998,1669,0,1231,,
1216,,chickenbiryani,1769,0,1230,,
1217,,Donny_p83,1855,0,1227,,
1218,,Malahroma,1712,0,1220,,
1219,,elpheezygrey,1701,0,1220,,
1220,,denysbro80,1575,0,1219,,
1221,,aytos,1878,0,1219,,
1222,,Marllan-Joss,1770,0,1218,,
1223,,ZIMBA994,1551,0,1216,,
1224,,cpproekt,1215,0,,,
1225,,Huskygaze3,1865,0,1215,,
1226,,Ismael-Onoja,1735,0,1214,,
1227,,Irek1,1545,0,1213,,
1228,,Amit7778,1493,0,1212,,
1229,,Prakhar0406,1638,0,1207,,
1230,,Kiruxa32,1715,0,1204,,
1231,,Zugzwang_2010,1735,0,1203,,
1232,,sisbris,1584,0,1201,,
1233,,Samariddinuz,1253,0,1199,,
1234,,AKABLACKSUPERMAN,1753,0,1199,,
1235,,Plaban,1020,0,1199,,
1236,,eDo370,1400,0,1197,,
1237,,dzengo,1318,0,1197,,
1238,,nabilhassan,1351,0,1196,,
1239,,yabrail,1629,0,1196,,
1240,,unbeknownst,1680,0,1191,,
1241,,mohammad9882,1874,0,1189,,
1242,,hz20201,1666,0,1188,,
1243,,Mahidhami,1186,0,,,
1244,,Jowheezy,1659,0,1181,,
1245,,haythem1,1702,0,1179,,
1246,,Leotrim12,1829,0,1176,,
1247,,arifindia,1386,0,1176,,
1248,,VRSTARQUEEN,1227,0,1170,,
1249,,vacek992,1799,0,1168,,
1250,,nboqu,1659,0,1164,,
1251,,chessblack_king,1549,0,1162,,
1252,,DelBlaine,1648,0,1162,,
1253,,ochemaster,1203,0,1162,,
1254,,vengadesan20,1594,0,1160,,
1255,,Stano24,1807,0,1152,,
1256,,Rinex,1200,0,1147,,
1257,,DUKISSJ04,1046,0,1141,,
1258,,ChessPrankerz,1755,0,1140,,
1259,,cesarguedas,1661,0,1139,,
1260,,Elkotb1,1603,0,1139,,
1261,,aymen2019,1527,0,1139,,
1262,,Drunkenstein_lk,1260,0,1137,,
1263,,gesua88,1438,0,1134,,
1264,,marlongodala,1503,0,1131,,
1265,,iMbigparsa,1125,0,,,
1266,,Nurahmad8585,1630,0,1122,,
1267,,alibaba-s,1277,0,1121,,
1268,,sherlock_moscow,1679,0,1117,,
1269,,viv_dwi,1573,0,1117,,
1270,,Merz_es,1117,0,,,
1271,,FCkngPurple,598,0,1112,,
1272,,NACHO1960,1601,0,1111,,
1273,,eDuck,1320,0,1106,,
1274,,camachoulises756,1612,0,1105,,
1275,,Lovers1,1886,0,1103,,
1276,,MuminHamid,1628,0,1103,,
1277,,mosi15,1704,0,1102,,
1278,,may481,1638,0,1099,,
1279,,Tharvin11,741,0,1097,,
1280,,Maksat2022,1679,0,1096,,
1281,,Bhakta_petr,1785,0,1092,,
1282,,MmEli27,1855,0,1091,,
1283,,AlexMLTZEM,1587,0,1085,,
1284,,ChessPlayer2294,1509,0,1084,,
1285,,TheFischerKing961,1571,0,1083,,
1286,,Medsalim,1567,0,1083,,
1287,,lethabomkhambi,1752,0,1079,,
1288,,Iskatel,1598,0,1077,,
1289,,Swandle,1537,0,1074,,
1290,,earth_song,1596,0,1073,,
1291,,misterBorr,1640,0,1072,,
1292,,M0HAME6,1197,0,1070,,
1293,,Dilxush_Qushshoqov,1068,0,,,
1294,,Dwiantos0001,1642,0,1061,,
1295,,ebrahimahmadiyan,1611,0,1055,,
1296,,MorphyHot,1524,0,1054,,
1297,,Real_GG,1551,0,1054,,
1298,,Kumarban02,1516,0,1052,,
1299,,Reyansh_Agarwal,1256,0,1048,,
1300,,friedrich93,1836,0,1048,,
1301,,GiacomoGrossi,967,0,1046,,
1302,,Arwane,1410,0,1044,,
1303,,MokatilDev,1042,0,,,
1304,,omarblanco,1041,0,,,
1305,,bwift,1526,0,1039,,
1306,,migrant,1655,0,1035,,
1307,,abdelrhmam45,1519,0,1026,,
1308,,Whiskey_Pete,1501,0,1025,,
1309,,ehsan_mohammadi_j,1316,0,1023,,
1310,,A1b2C3-D,1235,0,1019,,
1311,,roger321123,1489,0,1013,,
1312,,Volk1983,1474,0,1012,,
1313,,BB2937,1627,0,1006,,
1314,,chamaragg,1082,0,1005,,
1315,,AbdullahAlim,1655,0,1004,,
1316,,Jer_Brand,1485,0,1003,,
1317,,zakes_sleuth,929,0,997,,
1318,,Javadko,1528,0,992,,
1319,,zourv,989,0,,,
1320,,UrbanLegend94,1337,0,982,,
1321,,Richstinkthard,1492,0,973,,
1322,,ash_d_knight,1466,0,966,,
1323,,emiliorodriguezlopez,961,0,965,,
1324,,AchmadJauhari,1484,0,960,,
1325,,Dwuszach,1423,0,952,,
1326,,Dannyclegan,1144,0,943,,
1327,,Sarajayam,1044,0,932,,
1328,,Muhtasin1280,1259,0,932,,
1329,,AlexGamr69,971,0,925,,
1330,,Seifollahfeizi,1608,0,913,,
1331,,Beginner021,1555,0,908,,
1332,,yvzkrt0637,1384,0,907,,
1333,,AC_2114,1366,0,883,,
1334,,Bap33,1325,0,882,,
1335,,SinKat,881,0,,,
1336,,chessfever1987,1469,0,880,,
1337,,Hasaaan080m,989,0,877,,
1338,,atharvg12345,1244,0,872,,
1339,,boyblunder,1320,0,854,,
1340,,shiivom_shah1513,1380,0,818,,
1341,,SuryaKanthaRao,1102,0,807,,
1342,,losers98,1165,0,804,,
1343,,BestYahya,784,0,,,
1344,,Alireza9307,789,0,763,,
1345,,uvaprel,936,0,747,,
1346,,aows_2014,1185,0,738,,
1347,,qrossied,932,0,715,,
1348,,Imprrezza,793,0,698,,
1349,,Mikele79,1114,0,695,,
1350,,iTerr005,656,0,673,,
1351,,Austieene,670,0,,,
1352,,meysad,635,0,,,
1353,,Slasherzoo,1019,0,613,,
1354,,Jorkkix,1447,0,610,,
1355,,ZPdouglass,1040,0,570,,
